parameter,tp,tn,fn,fp,error_avg,error_median,error_min,error_max
0,778,21180,0,0,8.28644832652138,7.659311129174288,0.13784503847820867,48.63365817170259
