parameter,tp,tn,fn,fp,error_avg,error_median,error_min,error_max
0,0,21180,778,0,18.629123471963148,15.303017731554927,0.3182510487427562,119.84403735152615
