parameter,tp,tn,fn,fp,error_avg,error_median,error_min,error_max
0,0,21146,812,0,12.363668650879703,10.848126832175828,0.18701546241541162,54.88707118733682
