parameter,tp,tn,fn,fp,error_avg,error_median,error_min,error_max
0,812,21146,0,0,8.243031593174527,7.606610947783527,0.06193339676217581,49.20257781520906
