parameter,tp,tn,fn,fp,error_avg,error_median,error_min,error_max
0,795,21163,0,0,8.285736599645531,7.657383567673399,0.13969012444363757,49.01994142023349
