parameter,tp,tn,fn,fp,error_avg,error_median,error_min,error_max
0,0,21163,795,0,10.243911762224048,9.531664834427389,0.33530867774330997,48.97874481886281
