parameter,tp,tn,fn,fp,error_avg,error_median,error_min,error_max
0,0,21145,813,0,56.42764100024979,40.37453155722087,0.06971955129661384,405.17142310368456
