parameter,tp,tn,fn,fp,error_avg,error_median,error_min,error_max
0,813,21145,0,0,8.245392709148854,7.668554483979214,0.25970376577442694,49.231218527733006
