parameter,tp,tn,fn,fp,error_avg,error_median,error_min,error_max,time_avg,time_median,time_min,time_max
0.8912509381337456,14,50894,2,418,29.211710679536054,28.752931239461528,1.6717441084117362,89.350357234404,0.001240594222627837,0.0011441707611083984,0.0007855892181396484,0.007478952407836914
0.9085175756516868,15,50498,1,814,28.829438555928792,28.397791055658622,1.6717436811956652,79.65202924615406,0.0013427060225914265,0.0013456344604492188,0.000782012939453125,0.007971525192260742
0.9261187281287935,15,49360,1,1952,28.399083776843355,27.949810676840432,1.675137535385597,79.65208645213774,0.0013892375189682533,0.0014847517013549805,0.0007815361022949219,0.00410771369934082
0.9440608762859234,15,47281,1,4031,27.449913039985265,26.916017232569452,1.9544500475461626,77.66818703226865,0.0014897308130373899,0.0014982223510742188,0.0007810592651367188,0.015760183334350586
0.9623506263980885,15,44232,1,7080,25.943642848883794,25.734857766596807,5.317554865773866,92.16022336535326,0.0014991410847367912,0.0015001296997070312,0.0007796287536621094,0.003722667694091797
0.9809947127268773,15,37288,1,14024,23.745283842718226,23.994775638032788,0.6955355294335125,83.99630208582671,0.0015281490895939968,0.0015014410018920898,0.0007791519165039062,0.010898590087890625
1.0,16,0,0,51312,17442.897043572553,16651.030412307267,36.87626970889367,38168.98809976242,0.0015400201424785045,0.001501321792602539,0.00109100341796875,0.005282878875732422
