parameter,tp,tn,fn,fp,error_avg,error_median,error_min,error_max,time_avg,time_median,time_min,time_max
0.8912509381337456,12,56034,0,513,31.783794571782494,31.76480337922178,5.963813632860123,67.0380544050489,0.0012064573727440019,0.0011506080627441406,0.0007777214050292969,0.0015869140625
0.9085175756516868,12,55535,0,1012,30.78941251410683,30.256577925727335,6.469621615086251,67.03782207055764,0.0012827324991785227,0.001180410385131836,0.0007710456848144531,0.0017788410186767578
0.9261187281287935,12,54731,0,1816,29.28484348593846,28.23397121764421,6.4696226402758965,56.360690736465045,0.0013571455253118426,0.0014843940734863281,0.0007765293121337891,0.0016100406646728516
0.9440608762859234,12,53853,0,2694,28.464852563565174,27.562703834951222,10.731411324889358,55.30122008843234,0.001417550249149546,0.0014939308166503906,0.0007748603820800781,0.001993417739868164
0.9623506263980885,12,51437,0,5110,27.589746430508796,26.689788882208568,4.30431950654904,55.43126381689874,0.0014467134215564695,0.0014967918395996094,0.0007746219635009766,0.0016117095947265625
0.9809947127268773,12,42193,0,14354,26.248608786557522,25.62767840566451,3.471694900344989,87.29900660997946,0.001453586463241887,0.0014989376068115234,0.000774383544921875,0.0016021728515625
1.0,12,61,0,56486,17483.10629364025,17346.844496652368,11.7091446560873,35336.90036491885,0.0014983971175660383,0.0014986991882324219,0.0007722377777099609,0.0018498897552490234
