parameter,tp,tn,fn,fp,error_avg,error_median,error_min,error_max,time_avg,time_median,time_min,time_max
0.8912509381337456,34,46830,2,253,32.41154517843712,31.827180220761704,5.913078036089549,115.90937184820787,0.0012532638449910816,0.0012104511260986328,0.0007970333099365234,0.0017113685607910156
0.9085175756516868,34,46717,2,366,32.14994964945885,31.712574685951576,5.913078033847872,115.67301252582105,0.001278635327827716,0.0012111663818359375,0.0007922649383544922,0.0020084381103515625
0.9261187281287935,34,46413,2,670,31.768957120221888,31.458877548239244,6.26152446175074,115.63926742335441,0.001333562520053695,0.0012311935424804688,0.0007915496826171875,0.0017979145050048828
0.9440608762859234,36,45704,0,1379,31.112166215513966,30.800687169496605,6.280114793753034,115.30634139018929,0.0014310530867006892,0.0015494823455810547,0.0007903575897216797,0.0017154216766357422
0.9623506263980885,36,43916,0,3167,30.264888558599807,29.95135193900616,3.4175417915557866,95.65771414854466,0.0015193984863605904,0.0015683174133300781,0.0007927417755126953,0.001840829849243164
0.9809947127268773,36,36990,0,10093,29.11074967909048,28.612232182843258,2.7360280839289945,95.92756119118783,0.001541297096277415,0.0015704631805419922,0.000789642333984375,0.002165079116821289
1.0,36,37,0,47046,8610.218596052946,6430.805298065838,3.353366759747288,25451.92781415766,0.0015747984185351482,0.0015736818313598633,0.0007882118225097656,0.002079010009765625
