parameter,tp,tn,fn,fp,error_avg,error_median,error_min,error_max,time_avg,time_median,time_min,time_max
0.8912509381337456,1,56038,0,304,30.23705821660105,30.067684932315665,12.482086019278347,55.9836598202212,0.0011176079924574778,0.001096487045288086,0.0007810592651367188,0.002106904983520508
0.9085175756516868,1,55796,0,546,30.301973945390728,30.114015452837386,12.482086019094778,55.98342300762226,0.0012703395265742346,0.0012869834899902344,0.0007750988006591797,0.0025415420532226562
0.9261187281287935,1,54988,0,1354,30.43859298922232,30.25668598371803,12.107578885792963,56.55719296152453,0.001261470195954346,0.0014221668243408203,0.0007734298706054688,0.0019390583038330078
0.9440608762859234,1,52990,0,3352,30.699019081220992,30.473733240604005,12.11467240542523,56.76817661193284,0.0013847294118036451,0.0014619827270507812,0.0007779598236083984,0.002504587173461914
0.9623506263980885,1,47768,0,8574,31.20266311591355,31.014534343230505,14.35738387613468,61.704957793014934,0.0014221288915234095,0.0014662742614746094,0.0007736682891845703,0.0016837120056152344
0.9809947127268773,1,37185,0,19157,32.88440576735069,32.71397880434998,13.191687726829883,55.03568997298774,0.0014415476462286282,0.0014684200286865234,0.0007727146148681641,0.002359628677368164
1.0,1,37,0,56305,10668.855074579385,9340.70321963678,23.618489856615035,27085.964015011064,0.0014645996358026686,0.0014677047729492188,0.0007760524749755859,0.0022873878479003906
