parameter,tp,tn,fn,fp,error_avg,error_median,error_min,error_max,time_avg,time_median,time_min,time_max
0.8912509381337456,26,82575,1,244,32.66375305989493,32.45591147426825,1.8320369489062063,72.5857402708306,0.0012188921987482933,0.0012054443359375,0.00080108642578125,0.0017192363739013672
0.9085175756516868,27,82459,0,360,32.57247700562193,32.42141604471622,1.8320369497630702,66.08754124979204,0.0012405151814486074,0.0012102127075195312,0.00080108642578125,0.0017905235290527344
0.9261187281287935,27,82144,0,675,32.42731305028029,32.326020811079836,1.8320369497630702,65.88777987637849,0.0012698561744352358,0.0012137889862060547,0.0007998943328857422,0.0017452239990234375
0.9440608762859234,27,81105,0,1714,32.043606653676335,31.963232901728702,1.882336404477771,61.948245953103836,0.0013699964084456452,0.001459956169128418,0.0007991790771484375,0.0020537376403808594
0.9623506263980885,27,76588,0,6231,31.478778472707162,31.559499881000963,8.305616319227237,54.33218478688114,0.0015211950361201194,0.0015698671340942383,0.0007998943328857422,0.0020492076873779297
0.9809947127268773,27,61409,0,21410,30.254926405585614,30.13143550774556,6.325916933786443,127.5229038067848,0.0015493033206568354,0.0015741586685180664,0.0008013248443603516,0.0022127628326416016
1.0,27,0,0,82819,21807.93877744424,22100.684896952836,6.394255357545449,46332.79499444595,0.0015748606318921115,0.0015749931335449219,0.0011878013610839844,0.002205371856689453
