parameter,tp,tn,fn,fp,error_avg,error_median,error_min,error_max,time_avg,time_median,time_min,time_max
0.8912509381337456,10,50516,0,351,31.174611389512116,31.112401051045758,17.33076644236747,48.686168253562606,0.0011363207863334286,0.0010935068130493164,0.0007870197296142578,0.0019931793212890625
0.9085175756516868,10,50049,0,818,30.828019884450477,30.788426054473845,17.33076644176845,48.68781271333624,0.001357706584674532,0.0013432502746582031,0.0006117820739746094,0.015158414840698242
0.9261187281287935,10,48857,0,2010,30.272551597243456,30.31408539271068,16.755520734948323,47.661730531577376,0.0012986623096761319,0.0014172792434692383,0.0006151199340820312,0.002695798873901367
0.9440608762859234,10,46280,0,4587,29.302183671392086,29.306945954388603,11.949660262116671,48.22394869036068,0.0013923013911527745,0.0014445781707763672,0.0006079673767089844,0.004837512969970703
0.9623506263980885,10,42434,0,8433,28.270036994868537,28.061602863875404,6.650326625106899,55.005421040010695,0.001421675716514312,0.0014491081237792969,0.0006077289581298828,0.006589174270629883
0.9809947127268773,10,34738,0,16129,28.22461755396071,26.764537614454234,1.9308264044861327,269.97762041861154,0.001430424128277506,0.0014497041702270508,0.0006070137023925781,0.01179194450378418
1.0,10,637,0,50230,20110.493062802994,23266.738245430475,25.399241607574197,34923.18555143578,0.001452611572848262,0.0014529228210449219,0.0007927417755126953,0.0055277347564697266
