parameter,tp,tn,fn,fp,error_avg,error_median,error_min,error_max,time_avg,time_median,time_min,time_max
0.8912509381337456,0,39521,0,820,28.794474057035533,28.600273149698104,8.294324919335393,55.245976273355026,0.0012247312259730603,0.001096487045288086,0.0007948875427246094,0.0024471282958984375
0.9085175756516868,0,38881,0,1460,28.427649043045278,28.315212051643396,13.29048016744566,55.247936590487036,0.0014901337852545864,0.0016226768493652344,0.0007917881011962891,0.004910945892333984
0.9261187281287935,0,37467,0,2874,27.556918647551537,27.478728665417407,10.716099845367546,55.25529602535913,0.001376340003429112,0.0014278888702392578,0.0007929801940917969,0.004508256912231445
0.9440608762859234,0,35903,0,4438,26.941660097691763,26.92738663839478,9.9475019948563,53.71019417877432,0.0014081863376185536,0.0014302730560302734,0.0007910728454589844,0.002446889877319336
0.9623506263980885,0,33503,0,6838,26.06985369183896,26.323269125569638,5.526556918984534,55.65585733374541,0.001419082363470108,0.0014317035675048828,0.0007901191711425781,0.002368927001953125
0.9809947127268773,0,27588,0,12753,25.151336446651815,25.121663608080908,0.791800532287546,87.5494306394499,0.0014335418072549562,0.0014331340789794922,0.0007913112640380859,0.004493236541748047
1.0,0,26,0,40315,20186.297307198605,25448.384836116194,25.647109758727872,34048.05688517849,0.001435560238877202,0.0014331340789794922,0.0007915496826171875,0.002340078353881836
