parameter,tp,tn,fn,fp,error_avg,error_median,error_min,error_max,time_avg,time_median,time_min,time_max
0.8912509381337456,9,54100,0,503,31.261274433000985,31.089778728583745,7.483912393457445,63.05007593432091,0.0011798824967637575,0.001130819320678711,0.0007810592651367188,0.0016074180603027344
0.9085175756516868,9,53637,0,966,30.536983327392726,30.061100568599596,4.644365022945659,63.02972825233691,0.0012572904091096868,0.0011563301086425781,0.0007770061492919922,0.0017414093017578125
0.9261187281287935,9,52880,0,1723,29.987853765672057,29.367960238829898,5.632973919125974,63.02971648462332,0.0013114227413457665,0.001463174819946289,0.0007774829864501953,0.0025424957275390625
0.9440608762859234,9,51357,0,3246,28.827776591204906,28.326050455956214,4.210642625401482,61.88718137161162,0.0013878051844020349,0.001481771469116211,0.0007774829864501953,0.0017528533935546875
0.9623506263980885,9,48728,0,5875,27.708458882600823,27.50813057537398,2.0702322590162936,63.075300854265535,0.0014093190263220147,0.0014841556549072266,0.0007777214050292969,0.0015707015991210938
0.9809947127268773,9,41164,0,13439,26.03727528280598,25.905444688552787,1.6659717196507253,69.52808774234286,0.0014208594284488656,0.001485586166381836,0.0007789134979248047,0.0015745162963867188
1.0,9,141,0,54462,17070.452594739843,16880.348550024115,22.061525413850013,35321.04550499924,0.0014837170724814894,0.0014886856079101562,0.0007781982421875,0.0015757083892822266
