parameter,tp,tn,fn,fp,error_avg,error_median,error_min,error_max,time_avg,time_median,time_min,time_max
0.8912509381337456,4,58832,0,319,33.43194510145139,33.609694563179104,8.067359321727565,64.15448117197859,0.00114751810867349,0.0011110305786132812,0.0007798671722412109,0.0015459060668945312
0.9085175756516868,4,58626,0,525,33.49856793724938,33.68398249480073,8.067358239260614,64.14053470772396,0.0012073154597319375,0.0011262893676757812,0.0007777214050292969,0.001909017562866211
0.9261187281287935,4,58133,0,1018,33.631196434616946,33.90551685441781,8.067360225596337,64.14106876893909,0.001238454527941169,0.0011396408081054688,0.0007772445678710938,0.0015573501586914062
0.9440608762859234,4,56467,0,2684,34.286711395485064,34.58171313097053,7.761463567127504,62.33035750610679,0.0013617880276623315,0.0014524459838867188,0.0007758140563964844,0.0017673969268798828
0.9623506263980885,4,51825,0,7326,36.01753025974236,36.552522969747116,7.566875397188311,71.24880598223724,0.0014300065447193707,0.0014660358428955078,0.0007770061492919922,0.0018808841705322266
0.9809947127268773,4,41426,0,17725,43.09816848569009,41.67023574916731,9.053646241848254,106.66313102722673,0.001444929699565089,0.0014681816101074219,0.0007770061492919922,0.0019032955169677734
1.0,4,54,0,59097,11106.767643635174,9065.823789281938,19.824596188410556,27210.732535515774,0.001475990280624508,0.0014698505401611328,0.000774383544921875,0.0019030570983886719
