parameter,tp,tn,fn,fp,error_avg,error_median,error_min,error_max,time_avg,time_median,time_min,time_max
0.8912509381337456,14,65893,0,236,32.37272741376553,32.44146086857144,7.439727699290731,58.05587683111051,0.0011922017815186804,0.0011758804321289062,0.0006155967712402344,0.001748800277709961
0.9085175756516868,14,65729,0,400,32.4470486443869,32.51543615164221,7.555266623091901,56.219889936989155,0.0012261724963630598,0.0011830329895019531,0.0006151199340820312,0.0018486976623535156
0.9261187281287935,14,65339,0,790,32.653604244774094,32.72374633768907,12.27027270982409,56.21992669179556,0.0012752159354613,0.0011973381042480469,0.0006105899810791016,0.0016963481903076172
0.9440608762859234,14,64107,0,2022,33.05640326396435,33.10038128335176,11.797381736703844,56.038106138527596,0.001408489709047927,0.001518845558166504,0.0006313323974609375,0.0021331310272216797
0.9623506263980885,14,59619,0,6510,33.9998521314644,34.09408518066403,12.492639128426495,58.93052891515968,0.0014956313310210238,0.0015397071838378906,0.0007817745208740234,0.0018835067749023438
0.9809947127268773,14,47624,0,18505,37.20582943121814,37.31956712302208,6.951949049110463,68.67934625636825,0.001503303001836403,0.0015411376953125,0.0007915496826171875,0.0020589828491210938
1.0,14,24,0,66105,12942.526825790688,9303.705336019608,4.4533552042464395,28605.008047314557,0.0015439298964038338,0.0015418529510498047,0.0007834434509277344,0.002190113067626953
