parameter,tp,tn,fn,fp,error_avg,error_median,error_min,error_max,time_avg,time_median,time_min,time_max
0.8912509381337456,2,57197,0,243,34.28547401816823,33.88959738479669,8.646369883268441,68.243829386156,0.0011778863252333875,0.0011366605758666992,0.0007815361022949219,0.0015866756439208984
0.9085175756516868,2,57076,0,364,34.21282537461328,33.85410693026092,13.28899284483918,68.243829386156,0.0012069575066836376,0.0011408329010009766,0.0007779598236083984,0.0017261505126953125
0.9261187281287935,2,56729,0,711,34.340704243954555,33.99756981865603,10.021143085996476,68.24382938511769,0.00125884011668979,0.0011553764343261719,0.0007784366607666016,0.0015842914581298828
0.9440608762859234,2,55365,0,2075,34.926155212760555,34.72164607883529,10.15663077315683,68.31901880636664,0.001396373617199232,0.0014841556549072266,0.0007808208465576172,0.0020711421966552734
0.9623506263980885,2,51408,0,6032,36.68467845123745,36.97831652215395,9.480973743693857,73.17922178985033,0.0014719965885270317,0.001493215560913086,0.0007796287536621094,0.0020897388458251953
0.9809947127268773,2,42337,0,15103,41.725313270342205,42.34940411933985,9.578771476757433,87.2270706435218,0.001484223413017561,0.0014940500259399414,0.0007808208465576172,0.0019431114196777344
1.0,2,56,0,57384,9153.08274220461,8350.970026653473,10.819591337088482,24120.10070855712,0.001508246896401891,0.0014963150024414062,0.0007803440093994141,0.0019423961639404297
