parameter,tp,tn,fn,fp,error_avg,error_median,error_min,error_max,time_avg,time_median,time_min,time_max
0.8912509381337456,34,63887,6,319,31.156598308975823,31.216225104328466,11.326260454338687,57.9787655043389,0.0011992505815761627,0.0011703968048095703,0.0007803440093994141,0.0016734600067138672
0.9085175756516868,35,63780,5,426,31.189626109348723,31.225939624655354,11.325692674141084,57.97876550235047,0.0012261486158670802,0.0011713504791259766,0.0007741451263427734,0.001760721206665039
0.9261187281287935,35,63553,5,653,31.322079927068746,31.32665090516104,11.326096860921462,58.00475595516508,0.0012428327877088863,0.0011723041534423828,0.0007755756378173828,0.0021538734436035156
0.9440608762859234,36,62933,4,1273,31.545569181799753,31.483686582525614,11.283592063604557,58.29772558850842,0.0013196611693729963,0.0014634132385253906,0.0007736682891845703,0.0015883445739746094
0.9623506263980885,36,59629,4,4577,32.34435306571588,32.173524962675685,14.877545779512854,69.63824815194556,0.0014565719535057544,0.0015246868133544922,0.0007755756378173828,0.0020525455474853516
0.9809947127268773,37,46351,3,17855,35.86650640140669,35.355735285269816,14.553991745521532,82.39680444990515,0.0014810900101659052,0.001527547836303711,0.0007741451263427734,0.001965761184692383
1.0,40,0,0,64206,13721.700103387368,11811.059734477545,35.408649520688414,37788.16078552455,0.0015305320794452178,0.001528024673461914,0.0013921260833740234,0.0019714832305908203
