parameter,tp,tn,fn,fp,error_avg,error_median,error_min,error_max,time_avg,time_median,time_min,time_max
50,37,54058,9,97,33.063295445237216,33.078704691638414,4.2346277847121,118.76825304498195,0.08497418682157146,0.08032095432281494,0.02398967742919922,0.16567301750183105
75,39,54131,7,24,33.01611309410437,33.087670328970795,4.334779715763833,107.20925971837764,0.08249462314691589,0.08074939250946045,0.022495269775390625,0.15954899787902832
