parameter,tp,tn,fn,fp,error_avg,error_median,error_min,error_max,time_avg,time_median,time_min,time_max
0.8912509381337456,2,5114,0,27,32.75880416860371,29.28063303295457,17.672184597180088,592.4466462263297,0.0011650550584851598,0.0011522769927978516,0.0007867813110351562,0.0018291473388671875
0.9085175756516868,2,5100,0,41,33.64477580486532,29.334116647546374,17.61173758845908,740.3348967573438,0.0012354631365442568,0.0011620521545410156,0.0007824897766113281,0.0048389434814453125
0.9261187281287935,2,5073,0,68,33.69627368743872,29.180440754524376,17.59830149727738,738.8468603996165,0.001217600758090341,0.001154184341430664,0.0007765293121337891,0.0025153160095214844
0.9440608762859234,2,4978,0,163,34.70021582153254,29.268976267389476,17.639925637683717,845.0247680320791,0.0013329792607781345,0.0014865398406982422,0.0007848739624023438,0.004536867141723633
0.9623506263980885,2,4663,0,478,40.1531697229289,29.425291207088698,13.205828591401009,1553.8439388984684,0.0013876838918112538,0.0015134811401367188,0.0007786750793457031,0.0028455257415771484
0.9809947127268773,2,3851,0,1290,68.69292608102363,30.302290967312153,16.626372877851,3234.0491971293154,0.0014207524024635737,0.0015139579772949219,0.0007822513580322266,0.003079652786254883
1.0,2,140,0,5001,3155.9594496629684,1120.9647060883747,4.119396176222589,9677.373067267903,0.001534220631137216,0.0015223026275634766,0.0007829666137695312,0.0034677982330322266
