parameter,tp,tn,fn,fp,error_avg,error_median,error_min,error_max,time_avg,time_median,time_min,time_max
50,35,59882,15,70,30.987092182901176,28.91273911388454,9.944935177109274,2880.918934076198,0.10391283940323351,0.09821534156799316,0.058585405349731445,0.24272751808166504
75,37,59936,13,16,29.500627277596713,28.970477501143023,9.457844276143431,111.98735308425486,0.09960369064179764,0.09537291526794434,0.027776241302490234,0.22185802459716797
