parameter,tp,tn,fn,fp,error_avg,error_median,error_min,error_max,time_avg,time_median,time_min,time_max
0,0,59952,50,0,34.116066318848596,29.041585622024037,4.357190267841272,4381.701111033876,8.643044966138457e-06,8.344650268554688e-06,4.76837158203125e-07,1.621246337890625e-05
