parameter,tp,tn,fn,fp,error_avg,error_median,error_min,error_max,time_avg,time_median,time_min,time_max
0.8912509381337456,2,47071,60,109,31.89654111079654,30.61751944841818,5.937102814036442,831.1481427348809,0.0011968432255141975,0.0011773109436035156,0.0008018016815185547,0.0015838146209716797
0.9085175756516868,2,46974,60,206,31.909946972522715,30.604856206964985,6.022950506455114,831.1493959173396,0.0012206081959617863,0.0011779069900512695,0.0008006095886230469,0.001828908920288086
0.9261187281287935,2,46765,60,415,31.868330314028054,30.58507744786766,11.29998940451406,831.1493959208731,0.0012574644372014717,0.0011811256408691406,0.0007922649383544922,0.0018138885498046875
0.9440608762859234,2,45872,60,1308,32.03338546663739,30.692481607518737,14.565411612221899,831.1493999933496,0.0013999687731687553,0.001514434814453125,0.0007939338684082031,0.0018277168273925781
0.9623506263980885,2,42058,60,5122,32.34077877126464,30.867158983189338,16.550595407576655,831.1498430566942,0.0015439597686918655,0.0015505552291870117,0.0007944107055664062,0.0018231868743896484
0.9809947127268773,2,32716,60,14464,33.95742928179447,32.58924619339409,15.458175951015509,832.9236579219944,0.0015459011771216924,0.001550912857055664,0.0007913112640380859,0.0018186569213867188
1.0,62,29,0,47151,17245.399247746638,17391.760792721223,6.911426146559179,36933.45761360158,0.001545383367039358,0.0015499591827392578,0.0007877349853515625,0.0018231868743896484
