parameter,tp,tn,fn,fp,error_avg,error_median,error_min,error_max,time_avg,time_median,time_min,time_max
0,17,53934,0,0,30.307861207765455,29.273079617506735,2.4057177642272336,85.34496048325335,0.00048065063655985886,0.0004730224609375,0.0003495216369628906,0.002446889877319336
