parameter,tp,tn,fn,fp,error_avg,error_median,error_min,error_max,time_avg,time_median,time_min,time_max
0.8912509381337456,40,53761,6,394,33.409048107133245,33.4365656964089,4.345598609171476,66.84796349235035,0.001226359069064895,0.0011599063873291016,0.0007832050323486328,0.0020368099212646484
0.9085175756516868,40,53530,6,625,33.60734791958303,33.61072083039715,5.620056356429649,66.8481615984071,0.0012957319546649806,0.001171112060546875,0.0007798671722412109,0.0019330978393554688
0.9261187281287935,41,52971,5,1184,34.091356099070694,33.95489147992285,5.620173746519495,69.49710885073385,0.0013452367195020919,0.0014681816101074219,0.0007801055908203125,0.002442598342895508
0.9440608762859234,44,51623,2,2532,34.89848044997418,34.56976319791512,5.615303073716369,64.07812470745547,0.0014525908994448694,0.0015120506286621094,0.0007803440093994141,0.0016171932220458984
0.9623506263980885,45,47626,1,6529,36.79068470962499,36.51450818561097,5.908811631149777,72.61792973543244,0.001498555826349846,0.0015201568603515625,0.0007791519165039062,0.0022590160369873047
0.9809947127268773,44,38704,2,15451,42.33842296332717,41.62397937701915,4.717953734345453,87.59198227174272,0.0015030878980012866,0.001519918441772461,0.0007801055908203125,0.0021026134490966797
1.0,46,0,0,54155,19779.936272733135,20226.798161990755,18.870172029180885,38505.930653385134,0.0015135681459689028,0.0015201568603515625,0.001110076904296875,0.00164031982421875
