parameter,tp,tn,fn,fp,error_avg,error_median,error_min,error_max,time_avg,time_median,time_min,time_max
0.8912509381337456,53,54563,13,527,32.38985056500078,31.9546882644153,0.3469770034481696,84.05196313904852,0.0013262824990258255,0.0012023448944091797,0.0007929801940917969,0.012351036071777344
0.9085175756516868,55,54265,11,825,32.62288000339954,32.18232253066577,0.34713910881623194,83.52404647541961,0.001393665790009142,0.001386404037475586,0.0007910728454589844,0.00784158706665039
0.9261187281287935,62,53620,4,1470,33.14127540418162,32.703275512093924,0.347116266828398,71.97003429397778,0.0014362141781489785,0.001507878303527832,0.0007874965667724609,0.004835605621337891
0.9440608762859234,62,52035,4,3055,34.075619467018974,33.510744229716764,0.34717030591026554,72.25894360037276,0.0015460606685853526,0.0015349388122558594,0.0007865428924560547,0.015026092529296875
0.9623506263980885,63,48486,3,6604,35.991736747933466,35.33036887051379,0.3520266971927454,78.86033913020161,0.001576711311164742,0.0015354156494140625,0.0007815361022949219,0.019201040267944336
0.9809947127268773,63,39784,3,15306,41.73932009024378,40.912657385427316,0.33659857022825995,103.94779878020293,0.001575746113740945,0.0015344619750976562,0.0007834434509277344,0.012716293334960938
1.0,66,28,0,55062,17516.716532382623,17183.47101286939,5.8065085561954035,37047.46864387607,0.0015887616007182622,0.0015332698822021484,0.0008492469787597656,0.01856708526611328
