parameter,tp,tn,fn,fp,error_avg,error_median,error_min,error_max,time_avg,time_median,time_min,time_max
0,120,71228,0,0,31.70976099724749,31.381190554452406,1.305439838602312,66.63778147767927,0.00046140256002340485,0.0004622936248779297,0.00042819976806640625,0.0005345344543457031
