parameter,tp,tn,fn,fp,error_avg,error_median,error_min,error_max,time_avg,time_median,time_min,time_max
0.8912509381337456,0,53117,0,214,30.27235093814428,30.232851852819678,7.9540603328410775,58.49422916797029,0.001086836542759954,0.0011072158813476562,0.0006232261657714844,0.004286527633666992
0.9085175756516868,0,53003,0,328,30.27289629153197,30.233349548799048,12.48357633105315,58.494229166203134,0.0011647744862831584,0.0011172294616699219,0.0005917549133300781,0.0021402835845947266
0.9261187281287935,0,52697,0,634,30.373567671695785,30.35300813975796,12.537516873829096,58.49422916797029,0.0011451773059662554,0.0011088848114013672,0.0005929470062255859,0.0020096302032470703
0.9440608762859234,0,51638,0,1693,30.73591917586999,30.714446970651213,12.537516953509195,58.49422916258966,0.0012611619936311114,0.0014257431030273438,0.0005927085876464844,0.0048639774322509766
0.9623506263980885,0,46860,0,6471,31.51813892381732,31.65853459970703,11.464540104895661,54.85045253335283,0.0013613727176684301,0.0014684200286865234,0.0006806850433349609,0.0021524429321289062
0.9809947127268773,0,35473,0,17858,34.02226990199485,34.237035890103016,7.946592940390384,112.42143300970642,0.0013941186262442448,0.0014700889587402344,0.0005917549133300781,0.0023221969604492188
1.0,0,28,0,53303,18039.026920643337,16920.748974298986,29.136424819065887,38490.822759219656,0.0014655430944606122,0.0014719963073730469,0.0007891654968261719,0.0017099380493164062
