parameter,tp,tn,fn,fp,error_avg,error_median,error_min,error_max,time_avg,time_median,time_min,time_max
0.8912509381337456,9,39302,0,300,28.594132111558864,28.496843912175134,4.265445023572795,53.12316752213096,0.0010817959263857606,0.001054525375366211,0.0007772445678710938,0.0020711421966552734
0.9085175756516868,9,39025,0,577,28.357211584260117,28.336700830075458,1.9917025512145556,53.122533974943494,0.0012884966031772884,0.0012676715850830078,0.0007755756378173828,0.004204511642456055
0.9261187281287935,9,37969,0,1633,27.615908907401305,27.927994545791112,1.9867433109778327,61.57769040030244,0.0012451977097287746,0.0013949871063232422,0.0007753372192382812,0.005787372589111328
0.9440608762859234,9,35756,0,3846,26.918658699378174,27.54318036877232,1.0932165429270932,69.39844356034084,0.0013360928073931579,0.001415252685546875,0.0007760524749755859,0.002394437789916992
0.9623506263980885,9,32284,0,7318,27.110093200845057,27.44549145353679,1.0233721727283032,93.81414382505147,0.0013589412786251555,0.0014171600341796875,0.0007739067077636719,0.005330324172973633
0.9809947127268773,8,26455,1,13147,32.17279642362775,31.07267272057608,1.821907344003834,121.25157089185132,0.0013688038075641746,0.0014181137084960938,0.0007758140563964844,0.004036903381347656
1.0,9,26,0,39576,20473.39320255338,26280.969129947487,21.869075707825182,34044.23479249607,0.0014232826695017638,0.0014197826385498047,0.0007865428924560547,0.0022618770599365234
