parameter,tp,tn,fn,fp,error_avg,error_median,error_min,error_max,time_avg,time_median,time_min,time_max
0.8912509381337456,116,70778,4,450,31.321469092358633,31.17028119886522,7.105006791608385,60.657882268593056,0.0011887997252257125,0.0011458396911621094,0.0007760524749755859,0.005452632904052734
0.9085175756516868,118,70655,2,573,31.296575267817225,31.200751895528335,9.789411125808126,60.03529039157718,0.0012362024086970567,0.0011544227600097656,0.0007755756378173828,0.00189971923828125
0.9261187281287935,118,70383,2,845,31.29130482680575,31.268795825907826,9.789411125808126,56.125439284914385,0.00122728913776597,0.001149892807006836,0.0007750988006591797,0.001893758773803711
0.9440608762859234,119,69527,1,1701,31.434920285547697,31.421866074570552,13.760138678021056,55.65993442484643,0.0013132080039663342,0.0014128684997558594,0.0007760524749755859,0.002506732940673828
0.9623506263980885,119,65302,1,5926,32.25795960089239,32.15865747184628,13.207691957763824,62.46667876275695,0.0014415088866851834,0.0015020370483398438,0.0007774829864501953,0.0021545886993408203
0.9809947127268773,120,51067,0,20161,35.18682113879253,34.89798492192449,10.93164005455113,71.53875631789565,0.0014536911800954453,0.0015039443969726562,0.0007760524749755859,0.002109527587890625
1.0,120,37,0,71191,17698.09593984955,17012.41355833636,35.90765292135694,38451.829299404606,0.0014988916057932825,0.001505136489868164,0.0007777214050292969,0.0022852420806884766
