parameter,tp,tn,fn,fp,error_avg,error_median,error_min,error_max,time_avg,time_median,time_min,time_max
0.8912509381337456,37,53686,7,551,33.84542355739477,33.55541650973542,8.737495683200887,95.49713076705979,0.0012741453152687707,0.0011605024337768555,0.0007851123809814453,0.019313335418701172
0.9085175756516868,39,53378,5,859,33.95006449144082,33.67849224974828,8.737495683200887,65.22422538524704,0.001326082629574614,0.0013136863708496094,0.0007832050323486328,0.011950492858886719
0.9261187281287935,41,52766,3,1471,34.255056897844405,33.979005863389304,8.833763441558188,65.2290638103979,0.0013695304587216474,0.0014573335647583008,0.0007817745208740234,0.005224704742431641
0.9440608762859234,42,51188,2,3049,34.90322564910625,34.74792952855313,16.045593037436905,62.86081343346487,0.0014662186137240603,0.0014948844909667969,0.0007827281951904297,0.004555940628051758
0.9623506263980885,42,46615,2,7622,36.1348057144053,35.91574734662664,15.962759273406451,68.9798394447253,0.0014786133650607882,0.0014989376068115234,0.000782012939453125,0.0030181407928466797
0.9809947127268773,42,38382,2,15855,39.661079874544754,38.89453370359388,14.787184511452574,88.15611427734578,0.001496282467977767,0.0014989376068115234,0.0007843971252441406,0.015581607818603516
1.0,44,0,0,54237,18029.615029346336,17731.650198683114,26.05608309703984,37744.198257548414,0.001537284810877198,0.0015001296997070312,0.0011038780212402344,0.005353450775146484
