parameter,tp,tn,fn,fp,error_avg,error_median,error_min,error_max,time_avg,time_median,time_min,time_max
0.8912509381337456,89,41056,7,240,30.749160800289246,30.860885737040523,9.158466422688106,55.18651329349294,0.0011957001801646391,0.0011512041091918945,0.0007798671722412109,0.0016369819641113281
0.9085175756516868,89,40989,7,307,30.804895102841147,30.894703953732765,8.942933764240127,55.18651329138497,0.0012195709256247673,0.0011556148529052734,0.0007772445678710938,0.001737356185913086
0.9261187281287935,91,40861,5,435,30.948100233216323,30.985045215694793,9.152397168075135,64.98348594826948,0.0012335494184725119,0.0011576414108276367,0.0007774829864501953,0.0015637874603271484
0.9440608762859234,95,40466,1,830,31.130439132992215,31.18225774817098,9.152397168075135,55.08474875757188,0.0013031117943068892,0.0014687776565551758,0.0007779598236083984,0.0016062259674072266
0.9623506263980885,92,38524,4,2772,31.921456175662144,31.874789059561024,10.77183462704258,69.31099448340751,0.0014323173316499527,0.0015032291412353516,0.0007767677307128906,0.0015871524810791016
0.9809947127268773,93,30621,3,10675,35.52764640905943,35.04427776760268,16.980730650504906,95.06058113482636,0.0014473621602589942,0.0015053749084472656,0.0007767677307128906,0.0023980140686035156
1.0,96,35,0,41261,6447.8709374070495,3322.823036735289,17.417141588483148,21091.293101451043,0.0015069074892651092,0.0015081167221069336,0.0007822513580322266,0.0018329620361328125
