parameter,tp,tn,fn,fp,error_avg,error_median,error_min,error_max,time_avg,time_median,time_min,time_max
0.8912509381337456,86,50872,22,469,33.53069006679986,33.053884592260104,1.2264977680802192,71.9743191581633,0.0012607168114703634,0.0011608600616455078,0.0007879734039306641,0.0032646656036376953
0.9085175756516868,92,50583,16,758,33.81840948382064,33.33672664319615,2.6163569490833463,71.97426074679151,0.0013561192111692566,0.0013477802276611328,0.0007843971252441406,0.007391452789306641
0.9261187281287935,93,49877,15,1464,34.23626809514092,33.66451867135413,2.6163569490833463,71.98614620864655,0.0013982074848119764,0.0014824867248535156,0.0007841587066650391,0.013533592224121094
0.9440608762859234,102,48422,6,2919,34.8726217108932,34.286907157419336,13.301362308835069,71.04575031107908,0.0015000337794207144,0.0015048980712890625,0.0007815361022949219,0.009007692337036133
0.9623506263980885,99,44713,9,6628,36.67850259381024,35.87023574830099,11.980373411699363,83.25422637416123,0.0015178243664727695,0.0015070438385009766,0.0007793903350830078,0.0035562515258789062
0.9809947127268773,97,35726,11,15615,42.64954933984482,41.32325038476445,9.137468241498258,132.2734716077588,0.0015326287089914516,0.0015072822570800781,0.0007822513580322266,0.01981043815612793
1.0,108,27,0,51314,17605.04585006348,17301.00479685588,21.92376640844384,37048.161814865576,0.0015195527284041694,0.0015077590942382812,0.0007803440093994141,0.0032262802124023438
