parameter,tp,tn,fn,fp,error_avg,error_median,error_min,error_max,time_avg,time_median,time_min,time_max
50,4,59126,0,25,33.43075135884562,33.57198854666178,9.879418990725469,65.46096800006606,0.08273014689600745,0.0803365707397461,0.05563640594482422,0.18032169342041016
75,4,59151,0,0,33.44041731829372,33.53798514229479,8.067359309333884,75.12980034278085,0.08220941915684585,0.08078718185424805,0.052139997482299805,0.18003582954406738
