parameter,tp,tn,fn,fp,error_avg,error_median,error_min,error_max,time_avg,time_median,time_min,time_max
0,0,11309,14,0,35.65118000351466,33.08224301843008,9.45318216783451,157.33179956407193,8.199015274423684e-06,7.867813110351562e-06,2.384185791015625e-07,3.457069396972656e-05
