parameter,tp,tn,fn,fp,error_avg,error_median,error_min,error_max,time_avg,time_median,time_min,time_max
0.8912509381337456,103,51558,17,1286,33.04574939999241,32.87187389455688,3.0046556052357607,102.04306165541932,0.0013498264647891019,0.0014827251434326172,0.0007851123809814453,0.0020804405212402344
0.9085175756516868,108,51176,12,1668,33.00255818590008,32.6465183388557,0.5105153154187528,102.04306154732886,0.0014088994374672793,0.0014901161193847656,0.000782012939453125,0.002038717269897461
0.9261187281287935,116,50558,4,2286,33.143241495370866,32.85234533469659,0.553716102244029,94.03501348307894,0.0014145180841498223,0.0014865398406982422,0.0007815361022949219,0.002023458480834961
0.9440608762859234,116,49537,4,3307,32.89327951581448,32.65976413441314,2.5741122663857596,75.9940787906738,0.0014370368323515564,0.0014891624450683594,0.0007827281951904297,0.0026123523712158203
0.9623506263980885,118,47457,2,5387,32.64584771613628,32.39787856341153,2.4295693955087114,67.59990470688264,0.0014474545368350412,0.001489877700805664,0.0007808208465576172,0.002740621566772461
0.9809947127268773,120,41671,0,11173,32.234810017624504,31.55252418982804,4.8792215130120455,97.99776413560492,0.0014641630496135555,0.001491546630859375,0.0007791519165039062,0.0068531036376953125
1.0,120,0,0,52844,1324.9325847486377,1431.7507584804873,2.869848772731209,2654.333291275788,0.0014932834708497186,0.001493692398071289,0.0011179447174072266,0.0020945072174072266
