parameter,tp,tn,fn,fp,error_avg,error_median,error_min,error_max,time_avg,time_median,time_min,time_max
0.8912509381337456,3,46620,95,0,33.91517559662225,29.460105350413656,4.828381740064414,2608.5169296133913,0.0010935167351735372,0.001092672348022461,0.0008001327514648438,0.0018608570098876953
0.9085175756516868,3,46620,95,0,33.91517559662225,29.460105350413656,4.828381740064414,2608.5169296133913,0.0011497705779403484,0.0011012554168701172,0.0007977485656738281,0.007750988006591797
0.9261187281287935,3,46619,95,1,33.92467438185725,29.462983589245635,4.828381740064414,2608.5169296133913,0.0010904289413562586,0.001087188720703125,0.0008149147033691406,0.007363319396972656
0.9440608762859234,3,46609,95,11,33.942836537458,29.38375160237368,4.828381738289429,2608.5169296180525,0.0010891307248712592,0.0010869503021240234,0.0008051395416259766,0.003343820571899414
0.9623506263980885,10,46556,88,64,33.793298723205595,29.298079717763414,4.828381739212729,2608.5169296161807,0.0011003952118398485,0.0010876655578613281,0.0008165836334228516,0.001554250717163086
0.9809947127268773,13,32121,85,14499,32.468150689208876,27.465262852363765,0.7920655920567508,2608.621802034609,0.0014707336092167798,0.0014705657958984375,0.0008130073547363281,0.0025565624237060547
1.0,98,25,0,46595,1256.119019484954,1465.9437504785735,6.227285070255911,2649.5802860681397,0.0014598944793995671,0.001458883285522461,0.0007946491241455078,0.0021638870239257812
