parameter,tp,tn,fn,fp,error_avg,error_median,error_min,error_max,time_avg,time_median,time_min,time_max
0.8912509381337456,69,48565,290,789,34.57501518797682,31.93782361969331,1.6969363356206397,137.9252517137841,0.001297007300430316,0.001186370849609375,0.0006060600280761719,0.008771896362304688
0.9085175756516868,70,48210,289,1144,34.658439024732466,31.89951745260101,1.692297192092026,137.92525171439897,0.0013561356763873822,0.0014656782150268555,0.0006053447723388672,0.0029458999633789062
0.9261187281287935,62,47620,297,1734,34.54533538221785,31.735166253950066,1.69215098876887,137.92525171718563,0.001365372620265447,0.0014710426330566406,0.00060272216796875,0.002550840377807617
0.9440608762859234,64,46455,295,2899,34.60175914845235,31.65396592518391,3.7197969847355954,137.92525171582503,0.001428269231703057,0.0014872550964355469,0.0006082057952880859,0.0023756027221679688
0.9623506263980885,217,43957,142,5397,32.78882638743019,31.8233522980668,4.012409375303917,137.94411926913293,0.001461102084408784,0.0014889240264892578,0.0006046295166015625,0.0100860595703125
0.9809947127268773,240,37241,119,12113,32.41798208884259,31.972767574497627,2.3128025894180384,138.55849431481087,0.001470422147994104,0.001490950584411621,0.0006031990051269531,0.0022742748260498047
1.0,359,0,0,49354,1897.9125364661752,1321.1938606138176,16.11768679750468,4135.421741178097,0.0015069997921603798,0.0014920234680175781,0.0010824203491210938,0.007600307464599609
