parameter,tp,tn,fn,fp,error_avg,error_median,error_min,error_max,time_avg,time_median,time_min,time_max
0.8912509381337456,0,3080,0,3,34.95547009469473,35.39001505264808,22.91768411033264,52.992543522475216,0.0012147019549113949,0.0012004375457763672,0.0011293888092041016,0.0015718936920166016
0.9085175756516868,0,3077,0,6,35.05099114151417,35.39001505152812,22.917684112551825,52.99254032128367,0.0012266054386045875,0.0012018680572509766,0.0011272430419921875,0.0015821456909179688
0.9261187281287935,0,3065,0,18,35.5695196591146,36.006097863317514,22.918667566317367,52.98674321038716,0.0012756993130939762,0.0012091398239135742,0.0011303424835205078,0.0016016960144042969
0.9440608762859234,0,3021,0,62,36.48362082924876,36.772291951321954,29.59406763594032,45.889786168557826,0.001438521757358458,0.0015439987182617188,0.0011668205261230469,0.0017142295837402344
0.9623506263980885,0,2833,0,250,39.16671139609859,40.10227188203161,26.98571844230655,49.76228612714612,0.0015654156847697933,0.0015741586685180664,0.0011827945709228516,0.0016531944274902344
0.9809947127268773,0,2364,0,719,43.97476165092728,43.90101411218397,27.66599962633455,57.95642334066111,0.001574536649192252,0.0015745162963867188,0.001497507095336914,0.0016672611236572266
1.0,0,0,0,3083,1159.5039928488002,1205.3532178168505,27.801009311881796,2261.4195474300545,0.0015744784983193001,0.001575469970703125,0.0015025138854980469,0.0016396045684814453
