parameter,tp,tn,fn,fp,error_avg,error_median,error_min,error_max,time_avg,time_median,time_min,time_max
0.8912509381337456,53,49620,104,877,32.971131214416886,32.079739746012834,3.0977798972564052,94.67665132748783,0.0012741874907727345,0.001159071922302246,0.0007855892181396484,0.002454996109008789
0.9085175756516868,50,49287,107,1210,33.05452980639922,32.05070139428147,3.345453159876413,104.5988105233314,0.0013683098780957958,0.001456141471862793,0.0007777214050292969,0.0021979808807373047
0.9261187281287935,61,48685,96,1812,32.79662141710378,31.942938699436727,4.711716306404635,104.59881052343212,0.0013515039746862835,0.0014618635177612305,0.0007801055908203125,0.0027878284454345703
0.9440608762859234,38,47330,119,3167,33.41843877759925,31.86706272034457,4.336129942527737,104.59901529037235,0.0014144270000304123,0.001473546028137207,0.0007786750793457031,0.006345987319946289
0.9623506263980885,47,44531,110,5966,33.26528562735492,31.849460212373675,3.888628975456119,108.57675424659132,0.0014369046043334539,0.001475214958190918,0.0007777214050292969,0.006831645965576172
0.9809947127268773,157,37206,0,13291,32.09635629536226,31.777619276109284,2.733538864629217,88.2790415572911,0.0014399115866429511,0.0014765262603759766,0.0007777214050292969,0.0019412040710449219
1.0,157,0,0,50497,1843.9942431476625,1215.7784005344242,11.825548587141949,4130.41190607292,0.0014803685307914285,0.0014801025390625,0.0010902881622314453,0.002463102340698242
