parameter,tp,tn,fn,fp,error_avg,error_median,error_min,error_max,time_avg,time_median,time_min,time_max
50,72,33599,29,168,33.82655748781882,32.09451902878817,2.0347475259470147,92.99429366376972,0.09450520781325925,0.08067846298217773,0.05727243423461914,0.1770954132080078
75,77,33738,24,29,34.6378857720619,32.79390509521216,1.4056781363807638,85.15401192852008,0.08392291055182635,0.0784764289855957,0.05241894721984863,0.15831303596496582
