parameter,tp,tn,fn,fp,error_avg,error_median,error_min,error_max,time_avg,time_median,time_min,time_max
0.8912509381337456,0,7255,0,32,34.64748540372786,32.61831400516621,17.66886841304736,309.58920294648647,0.0012070369720458985,0.0011904239654541016,0.0007781982421875,0.0015926361083984375
0.9085175756516868,0,7242,0,45,34.63809840934231,32.50403132613358,18.600899864036624,309.58917509921326,0.0012424206733703614,0.0011905431747436523,0.0007750988006591797,0.0016477108001708984
0.9261187281287935,0,7215,0,72,34.63746551727761,32.532285445224794,18.625830488808255,309.58917509921326,0.0012614798545837402,0.0011926889419555664,0.000774383544921875,0.0015902519226074219
0.9440608762859234,0,7110,0,177,34.81482124774819,32.55652696411743,18.814123313041673,346.6352872320776,0.0013790535926818848,0.0015149116516113281,0.0007803440093994141,0.0015940666198730469
0.9623506263980885,0,6671,0,616,49.02451512446806,32.66016949629878,19.43109151134778,1809.8029269671674,0.0015135908126831055,0.0015496015548706055,0.0007731914520263672,0.0015981197357177734
0.9809947127268773,0,5278,0,2009,66.05820532357858,33.32203179343506,16.02406982194696,2544.8540238898827,0.0015254795551300048,0.0015517473220825195,0.0007784366607666016,0.0015993118286132812
1.0,0,103,0,7184,2326.1559411242783,169.1213966604719,8.437069297838056,5709.549105801646,0.0015236949920654297,0.0015521049499511719,0.0007772445678710938,0.0016789436340332031
