parameter,tp,tn,fn,fp,error_avg,error_median,error_min,error_max,time_avg,time_median,time_min,time_max
0,851,44833,0,0,36.49261758628994,35.51240056789368,0.5091335970473057,130.45972866517306,0.000454211852841753,0.00045680999755859375,0.00032258033752441406,0.0007071495056152344
