parameter,tp,tn,fn,fp,error_avg,error_median,error_min,error_max,time_avg,time_median,time_min,time_max
0,55,48149,0,0,33.15738484059804,32.45828414119585,1.2192619583072017,113.38931122810435,0.000462715263484195,0.000461578369140625,0.00035190582275390625,0.0008873939514160156
