parameter,tp,tn,fn,fp,error_avg,error_median,error_min,error_max,time_avg,time_median,time_min,time_max
0.8912509381337456,0,66,0,1,49.49841165839791,27.471874750378174,25.33703175293506,143.0498971328353,0.0010852813720703125,0.00103759765625,0.0007982254028320312,0.0014200210571289062
0.9085175756516868,0,65,0,2,48.67038961735403,25.910212400505415,25.33703175293506,142.8611336684053,0.0012201468149820964,0.0012488365173339844,0.000789642333984375,0.0016219615936279297
0.9261187281287935,0,64,0,3,49.73114848108378,25.910212400505415,25.33703175293506,147.10416912332428,0.0012040138244628906,0.001399993896484375,0.000789642333984375,0.0014224052429199219
0.9440608762859234,0,63,0,4,53.325843735468716,25.910212400505415,25.33703175293506,161.48295014086403,0.0012031396230061848,0.0014050006866455078,0.0007917881011962891,0.0014126300811767578
0.9623506263980885,0,56,0,11,62.399678947095175,23.3504934804602,21.36395520798534,202.8977288274603,0.0011982123057047527,0.0013954639434814453,0.0007901191711425781,0.0014090538024902344
0.9809947127268773,0,50,0,17,195.31991734065,20.86429809703531,16.39156444113556,739.5510731685293,0.0012052059173583984,0.0014104843139648438,0.0007894039154052734,0.0014157295227050781
1.0,0,22,0,45,386.7709094863049,23.09315093351207,20.84927011408908,1500.8973360781954,0.0012004375457763672,0.0013966560363769531,0.0007953643798828125,0.001409292221069336
