parameter,tp,tn,fn,fp,error_avg,error_median,error_min,error_max,time_avg,time_median,time_min,time_max
0.8912509381337456,686,43905,165,928,38.416686861220384,35.90769829792211,2.1882016540901996,241.078781245726,0.0013418656565536587,0.0014405250549316406,0.0007796287536621094,0.0022020339965820312
0.9085175756516868,702,43619,149,1214,38.28349803696445,35.86904532005806,2.1815984681480223,243.26893313794886,0.0013968175457369897,0.0014352798461914062,0.000774383544921875,0.0075969696044921875
0.9261187281287935,720,43136,131,1697,38.01599502874913,35.694598383629625,2.93664576832018,243.66316223492584,0.0013663805331709774,0.0014243125915527344,0.0007770061492919922,0.007236003875732422
0.9440608762859234,747,42370,104,2463,37.414600362717636,35.24588437155904,1.6509053145172818,243.66313763647366,0.001375883991033674,0.0014240741729736328,0.0007753372192382812,0.007923126220703125
0.9623506263980885,751,40635,100,4198,37.580249589711066,35.17981573366996,2.771301462314337,184.68761544595313,0.001374773598423337,0.001424551010131836,0.0007724761962890625,0.0026900768280029297
0.9809947127268773,782,36878,69,7955,38.89676010350103,35.94947774402927,1.2638945968789619,392.7683931300966,0.0013786846213338238,0.0014255046844482422,0.0007731914520263672,0.005474090576171875
1.0,851,121,0,44712,706.4197199242932,800.7599739080847,35.81418877701447,1596.478833574462,0.001435126658156711,0.0014300346374511719,0.0007758140563964844,0.0026726722717285156
