parameter,tp,tn,fn,fp,error_avg,error_median,error_min,error_max,time_avg,time_median,time_min,time_max
50,10,11238,4,71,34.46263432543419,32.642180536344554,6.9843469650459316,157.33179956629152,0.08763626056351685,0.07739686965942383,0.04974770545959473,0.17618799209594727
75,7,11293,7,16,35.389734939848886,33.07677321885414,6.9843469650459316,157.33179956407193,0.07859630009223675,0.075614333152771,0.050766706466674805,0.1745285987854004
