parameter,tp,tn,fn,fp,error_avg,error_median,error_min,error_max,time_avg,time_median,time_min,time_max
0.8912509381337456,1,119,0,1,42.80589322312721,35.897516506923445,25.73366050123825,105.87915879455134,0.001145005226135254,0.0011031627655029297,0.0008296966552734375,0.0015439987182617188
0.9085175756516868,1,119,0,1,42.80589322312721,35.897516506923445,25.73366050123825,105.87915879455134,0.0012058615684509277,0.0012774467468261719,0.0007894039154052734,0.0014791488647460938
0.9261187281287935,1,118,0,2,43.47509598051372,39.24353029385598,25.73366050123825,105.87915879455134,0.0012254714965820312,0.0012848377227783203,0.0007777214050292969,0.0015544891357421875
0.9440608762859234,1,118,0,2,43.47509598051372,39.24353029385598,25.73366050123825,105.87915879455134,0.0012270212173461914,0.0012867450714111328,0.0007791519165039062,0.0015554428100585938
0.9623506263980885,1,112,0,8,117.02987725656071,38.28453732381561,25.73366050123825,453.0930846939153,0.0013257861137390137,0.0014770030975341797,0.0007791519165039062,0.001569986343383789
0.9809947127268773,1,96,0,24,261.2122973833556,38.28453732381561,25.73366050123825,1030.5733903389619,0.0013082623481750488,0.0014711618423461914,0.0007772445678710938,0.0015134811401367188
1.0,1,28,0,92,1199.108499165598,25.73366050123825,23.353996334986995,3024.4188507213757,0.001317739486694336,0.001466512680053711,0.0007810592651367188,0.0015568733215332031
