parameter,tp,tn,fn,fp,error_avg,error_median,error_min,error_max,time_avg,time_median,time_min,time_max
0.8912509381337456,0,47206,52,2,30.154204561456886,29.432342714636167,1.5145546626193997,77.90014545481029,0.0010853363392827713,0.0010802745819091797,0.0008108615875244141,0.005410909652709961
0.9085175756516868,0,47206,52,2,30.154204561456886,29.432342714636167,1.5145546626193997,77.90014545481029,0.0012001264286259491,0.001104593276977539,0.0007822513580322266,0.013918161392211914
0.9261187281287935,0,47206,52,2,30.154204561456886,29.432342714636167,1.5145546626193997,77.90014545481029,0.001072866420178446,0.001071333885192871,0.0008115768432617188,0.0022344589233398438
0.9440608762859234,15,47204,37,4,30.085194782292884,29.385125301932497,1.514554663318391,77.90014545481029,0.001075905302296514,0.001071929931640625,0.0007867813110351562,0.0021848678588867188
0.9623506263980885,41,47132,11,76,29.824237242388637,29.29547307420254,1.5145546598234352,77.90014545481029,0.0010972657247320739,0.0010745525360107422,0.0008115768432617188,0.005940437316894531
0.9809947127268773,51,28857,1,18351,29.923737422415822,29.129796129282745,1.3925638657312713,115.76431746969502,0.0014620490150538954,0.0014622211456298828,0.0011074542999267578,0.002086639404296875
1.0,52,0,0,47208,1827.1234454416651,1194.8598419826055,9.189380645579607,4128.239579408874,0.0014448965168653964,0.0014431476593017578,0.001069784164428711,0.002470254898071289
