parameter,tp,tn,fn,fp,error_avg,error_median,error_min,error_max
0,0,21150,808,0,32.122270045596316,23.120114227722475,0.4101167826700381,207.95653819206217
