parameter,tp,tn,fn,fp,error_avg,error_median,error_min,error_max
0,808,21150,0,0,8.257014161691274,7.722773517826539,0.13135123752873842,48.98287121135845
